{"cameraMode":{"drawMode":0,"name":"Shaded","section":"Shading Mode"},"sceneLighting":false,"audioPlay":false,"sceneViewState":{"showFog":true,"showMaterialUpdate":true,"showSkybox":false,"showFlares":true,"showImageEffects":true,"showParticleSystems":true},"in2DMode":false,"pivot":{"x":94.41378784179688,"y":231.76998901367188,"z":-0.03683186694979668},"rotation":{"x":0.011998621746897698,"y":0.013498621992766858,"z":-0.00016199122183024883,"w":0.9998371005058289},"size":114.57559967041016,"orthographic":true}