{"cameraMode":{"drawMode":0,"name":"Shaded","section":"Shading Mode"},"sceneLighting":true,"audioPlay":false,"sceneViewState":{"showFog":true,"showMaterialUpdate":true,"showSkybox":false,"showFlares":true,"showImageEffects":true,"showParticleSystems":true},"in2DMode":false,"pivot":{"x":476.07550048828127,"y":303.72320556640627,"z":0.7779648900032044},"rotation":{"x":0.011998621746897698,"y":0.013498621992766858,"z":-0.00016199122183024883,"w":0.9998371005058289},"size":186.3616180419922,"orthographic":true}